{
    "width": 640,
    "height": 480,
    "intrinsic_matrix": [
        612.6339111328125,
        0,
        0,
        0,
        611.052734375,
        0,
        327.3898010253906,
        253.2864227294922,
        1
    ]
}